model,MAE,RMSE,sMAPE
deepar_exog,101331.4999861111,142162.00370593875,9.976333496458972
