MAE,RMSE,sMAPE,WAPE,model
516315.5627040539,653755.4996972202,56.19877060645655,0.4948202367517259,lstm_exog
