model,MAE,RMSE,sMAPE
lstm_exog,521597.06282544904,655570.466458336,57.17795897295372
