model,MAE,RMSE,sMAPE
transformer_exog,196461.52290385604,250246.0860856648,21.51493986985067
