model,MAE,RMSE,sMAPE,group
lstm_exog,595717.6010266034,697845.1975877491,59.59778487384277,TRAIN_GROUP
lstm_exog,106107.16952244674,126635.10306258574,25.059679933369242,TEST_GROUP
