model,feature_set,mae_global_micro,mae_store_macro,RMSE,sMAPE,val_fit_predict_sec,test_fit_predict_sec,runtime_sec
lstm_exog,FS0,498803.91663662373,498803.9166366238,615527.6848204805,60.95784213279159,4.4095330238342285,8.00650405883789,12.554379940032959
lstm_exog,FS1,715894.886941063,715894.8869410631,819447.4157020316,109.51824252125895,3.2246179580688477,9.215518474578857,12.642513990402222
lstm_exog,FS2,484668.4009161832,484668.40091618313,596656.506938224,54.880721955193536,4.446736812591553,11.62751293182373,16.211341381072998
transformer_exog,FS0,330957.363770552,330957.3637705519,392481.4977405303,36.75937199796187,6.976599216461182,17.331278085708618,24.424940586090088
transformer_exog,FS1,490950.9612678619,490950.9612678618,577818.3894296844,57.91757071122041,8.173104763031006,20.90792226791382,29.22858691215515
transformer_exog,FS2,433880.42012695863,433880.4201269587,501104.9421218081,51.617952313657334,9.20048189163208,18.879247188568115,28.181620121002197
