model,feature_set,val_fit_predict_sec,test_fit_predict_sec,MAE,RMSE,sMAPE
lstm_exog,FS0,2.3412773609161377,0.31847333908081055,710089.2929381649,758163.9089499065,64.51872218556684
lstm_exog,FS1,0.1396315097808838,0.3248786926269531,729429.159086396,757730.6671659682,66.80931613818744
lstm_exog,FS2,0.1482994556427002,0.3360438346862793,722022.5044841418,755291.9452897845,66.00036843877324
transformer_exog,FS0,0.30793285369873047,0.48276495933532715,920418.05230835,1088732.6213350368,118.05178713007888
transformer_exog,FS1,0.1846020221710205,0.48827409744262695,893289.7444463645,1069370.617553542,111.38804633410167
transformer_exog,FS2,0.19391465187072754,0.5033714771270752,611855.1546682486,641331.5400733437,58.701062094768126
