model,MAE,RMSE,sMAPE
deepar_exog,54714.878460113956,80924.35058161653,5.289978585356679
