MAE,RMSE,sMAPE,WAPE,model
55676.56803774929,82259.83084755139,5.39189197540698,0.0533586329137128,deepar_exog
