MAE,RMSE,sMAPE,WAPE,model
88859.98728505471,130280.32618848784,9.499525846386394,0.08516055513776767,lstm_exog
