model,MAE,RMSE,sMAPE
lstm_exog,89539.42886440453,134901.62688299836,9.363053862981678
