MAE,RMSE,sMAPE,WAPE,model
68564.6393101358,99196.56597024661,6.941693624839507,0.06571014609467572,prophet_regressors
