model,MAE,RMSE,sMAPE
prophet_regressors,47391.98476211003,71551.23181530584,4.63144038005771
