MAE,RMSE,sMAPE,WAPE,model
59855.494064142564,90736.46284779522,5.721224778672708,0.057363581273042266,sarimax_exog
