model,MAE,RMSE,sMAPE
sarimax_exog,59855.49974014265,90736.4664991769,5.721225461798595
