model,MAE,RMSE,sMAPE
transformer_exog,85289.60638446693,121348.08636391666,9.42526028347746
