MAE,RMSE,sMAPE,WAPE,model
86873.91841274929,116896.0372160918,8.895573331705116,0.083257170578812,deepar_exog
