model,MAE,RMSE,sMAPE
deepar_exog,109569.0365601852,145279.61490153326,11.491157664558921
