MAE,RMSE,sMAPE,WAPE,model
544019.8348361558,652365.1242322741,64.38126029224598,0.5213711205245215,lstm_exog
