model,MAE,RMSE,sMAPE
lstm_exog,510063.82724364294,618563.3566671184,58.00345425770108
