model,MAE,RMSE,sMAPE
prophet_regressors,72372.30234144205,104939.76560324986,7.381896037085764
