MAE,RMSE,sMAPE,WAPE,model
72372.30234144205,104939.76560324986,7.381896037085764,0.06935928793489893,prophet_regressors
