model,MAE,RMSE,sMAPE
sarimax_exog,237131.7737822498,323878.0672929165,26.75834123274204
