MAE,RMSE,sMAPE,WAPE,model
237131.7737822498,323878.0672929165,26.75834123274204,0.22725946866634755,sarimax_exog
