model,MAE,RMSE,sMAPE
transformer_exog,255759.19230025928,306808.0768896302,30.551471736774623
