model,MAE,RMSE,sMAPE,WAPE
deepar_exog__hs80__nl2__do0.1__lr0.0005__bs32,72776.26665776354,106678.84097752729,7.461332000535718,0.06974643434899225
