model,MAE,RMSE,sMAPE
deepar_exog__hs40__nl2__do0.1__lr0.001__bs32,61163.800303819444,89421.24083175145,6.128838649110576
