model,MAE,RMSE,sMAPE
deepar_exog__hs40__nl3__do0.2__lr0.0005__bs64,62739.17031770834,89809.34656088587,6.422154547837532
