model,MAE,RMSE,sMAPE
deepar_exog__hs80__nl3__do0.2__lr0.001__bs64,62260.558619791664,89886.14179160111,6.191488703678871
