model,MAE,RMSE,sMAPE
deepar_exog__hs80__nl3__do0.2__lr0.001__bs64,63519.13146701389,91627.98682378973,6.288996448878667
