model,MAE,RMSE,sMAPE
deepar_exog__hs40__nl3__do0.2__lr0.0005__bs64,60337.220291666665,85595.37947445465,6.267726165425169
