model,MAE,RMSE,sMAPE
deepar_exog__hs80__nl2__do0.1__lr0.0005__bs32,58954.48747048612,82957.67294170552,6.159343681940285
