model,MAE,RMSE,sMAPE
deepar_exog__hs80__nl2__do0.1__lr0.0005__bs32,57905.58470486111,86225.47075453636,5.907972754950674
