model,MAE,RMSE,sMAPE,WAPE
deepar_exog__hs40__nl2__do0.1__lr0.001__bs32,67160.08031837606,96982.03149741475,6.8921600619292525,0.06436406191082035
