model,MAE,RMSE,sMAPE
deepar_exog,59573.68460590279,86287.61716994045,6.041327229137563
