model,MAE,RMSE,sMAPE,WAPE
deepar_exog__hs80__nl3__do0.2__lr0.001__bs64,67506.51099394586,97688.27676327321,6.983673133893845,0.0646960699332122
