model,MAE,RMSE,sMAPE
deepar_exog__hs40__nl2__do0.1__lr0.001__bs32,57425.56850520834,83730.42465903271,5.9062501745386236
