model,MAE,RMSE,sMAPE,WAPE
deepar_exog__hs40__nl3__do0.2__lr0.0005__bs64,81907.71965099715,120732.9777104588,8.232742942244572,0.07849772533920597
