model,MAE,RMSE,sMAPE,WAPE
lstm_exog,458561.873193776,541160.0316278139,46.46599410187954,0.439470957394168
