model,MAE,RMSE,sMAPE
lstm_exog,441124.924609105,518987.2168446685,46.10440739828156
