model,MAE,RMSE,sMAPE
<modelo>,441124.924609105,518987.2168446685,46.10440739828156
