model,MAE,RMSE,sMAPE
prophet_regressors,142509.7176278063,186757.80483626324,12.138909193925434
