model,MAE,RMSE,sMAPE,WAPE
prophet_regressors,64022.11887347837,93903.70384138629,6.494455941597089,0.06135674054140412
