model,MAE,RMSE,sMAPE
sarimax_exog,124157.6802852749,169022.46995104413,10.889343183200204
