model,MAE,RMSE,sMAPE,WAPE
sarimax_exog,344784.0194822461,448209.0706589636,33.96239397484599,0.3304299201343387
