model,MAE,RMSE,sMAPE,WAPE
transformer_exog__dm64__nh4__nl2__do0.1__lr0.001,95112.18307500736,126195.59962692008,10.259245117282505,0.09115245858689108
