model,MAE,RMSE,sMAPE
transformer_exog__dm128__nh8__nl4__do0.1__lr0.0003,62559.51665476087,80319.22658067266,7.016417295111905
