model,MAE,RMSE,sMAPE
transformer_exog__dm64__nh4__nl2__do0.2__lr0.0003,131750.1263005117,157323.5228860759,12.253172981532375
