model,MAE,RMSE,sMAPE
transformer_exog__dm128__nh8__nl4__do0.1__lr0.0003,50989.601924185044,68451.73139720608,5.528290854210674
