model,MAE,RMSE,sMAPE
transformer_exog__dm128__nh8__nl4__do0.1__lr0.0003,109158.2988054487,130838.12156883717,10.689137556795313
