model,MAE,RMSE,sMAPE,WAPE
transformer_exog__dm64__nh4__nl2__do0.2__lr0.0003,127755.59405937153,168160.65004787504,15.426463289511233,0.12243685425196126
