model,MAE,RMSE,sMAPE
transformer_exog__dm64__nh4__nl2__do0.2__lr0.0003,64173.72574110104,85342.67881168528,6.693672055848654
