model,MAE,RMSE,sMAPE
transformer_exog__dm128__nh8__nl2__do0.2__lr0.001,133575.93769873583,165195.0357861556,12.094735679337813
