model,MAE,RMSE,sMAPE,WAPE
transformer_exog__dm128__nh8__nl4__do0.1__lr0.0003,111218.72825877611,142691.35714460298,14.172785577056308,0.1065884536968294
