model,MAE,RMSE,sMAPE,WAPE
transformer_exog__dm128__nh8__nl2__do0.2__lr0.001,135133.2668239886,193913.299094594,14.272249973980808,0.1295073786517014
