model,MAE,RMSE,sMAPE
transformer_exog__dm128__nh8__nl2__do0.2__lr0.001,82876.35352192838,104778.98024461871,11.054149687795906
