model,MAE,RMSE,sMAPE
transformer_exog__dm64__nh4__nl2__do0.1__lr0.001,87233.71850535327,105921.99345584557,10.93026951968666
