model,MAE,RMSE,sMAPE,WAPE
transformer_exog__dm64__nh4__nl2__do0.1__lr0.001,102597.7712429543,137821.15550908365,10.84960816194199,0.09832640563991168
