model,MAE,RMSE,sMAPE
transformer_exog__dm64__nh4__nl2__do0.2__lr0.0003,82620.174071499,112346.38245101071,7.850586618146599
