model,MAE,RMSE,sMAPE
transformer_exog__dm64__nh4__nl2__do0.1__lr0.001,158069.88026879937,177369.98141668027,16.403991825375357
